headline,label
Border security measures gain support,right
Senate candidate vows to restore law and order,right
Conference brings policymakers and industry together,center
Judge blocks regulation seen as harmful to economy,right
Experts debate effects of new trade deal,center
Officials promote business-friendly reforms,right
Experts debate effects of new trade deal,center
Study finds small changes in employment rates,center
Regulators seek tougher rules on big banks,left
Local officials seek compromise on housing,center
Local officials seek compromise on housing,center
Report outlines mixed economic indicators,center
Study finds small changes in employment rates,center
Activists protest cuts to social programs,left
Campaign calls for stronger labor protections,left
Workers demand higher wages as inequality grows,left
Court ruling defends voting rights activists,left
Senate candidate vows to restore law and order,right
Study finds small changes in employment rates,center
Senate candidate vows to restore law and order,right
Conservative leaders rally against rising crime,right
Conservative leaders rally against rising crime,right
Report outlines mixed economic indicators,center
Officials promote business-friendly reforms,right
Judge blocks regulation seen as harmful to economy,right
Conservative leaders rally against rising crime,right
Court ruling defends voting rights activists,left
New study shows climate policy could save lives,left
Conference brings policymakers and industry together,center
Officials promote business-friendly reforms,right
Analysts weigh in on inflation and growth,center
City council discusses infrastructure funding,center
Bipartisan group proposes changes to education,center
Tax cuts praised by business leaders,right
Court ruling defends voting rights activists,left
Campaign calls for stronger labor protections,left
Workers demand higher wages as inequality grows,left
Government criticized for overreach in new law,right
Activists protest cuts to social programs,left
Tax cuts praised by business leaders,right
Bipartisan group proposes changes to education,center
Tax cuts praised by business leaders,right
Voters back rollback of environmental rules,right
Healthcare reform rallies thousands in capital,left
Activists protest cuts to social programs,left
Tax cuts praised by business leaders,right
Officials promote business-friendly reforms,right
Tax cuts praised by business leaders,right
Regulators seek tougher rules on big banks,left
Conference brings policymakers and industry together,center
Judge blocks regulation seen as harmful to economy,right
Conservative leaders rally against rising crime,right
Officials promote business-friendly reforms,right
Court ruling defends voting rights activists,left
Workers demand higher wages as inequality grows,left
Tax cuts praised by business leaders,right
Senate candidate vows to restore law and order,right
Activists protest cuts to social programs,left
Officials promote business-friendly reforms,right
Regulators seek tougher rules on big banks,left
Local officials seek compromise on housing,center
Senate candidate vows to restore law and order,right
Tax cuts praised by business leaders,right
Conservative leaders rally against rising crime,right
Government criticized for overreach in new law,right
Experts debate effects of new trade deal,center
New study shows climate policy could save lives,left
Experts debate effects of new trade deal,center
New study shows climate policy could save lives,left
Study finds small changes in employment rates,center
Report outlines mixed economic indicators,center
Workers demand higher wages as inequality grows,left
Workers demand higher wages as inequality grows,left
Tax cuts praised by business leaders,right
Healthcare reform rallies thousands in capital,left
Workers demand higher wages as inequality grows,left
Healthcare reform rallies thousands in capital,left
City council discusses infrastructure funding,center
Local officials seek compromise on housing,center
New study shows climate policy could save lives,left
Experts debate effects of new trade deal,center
New study shows climate policy could save lives,left
Conference brings policymakers and industry together,center
City council discusses infrastructure funding,center
Bipartisan group proposes changes to education,center
Workers demand higher wages as inequality grows,left
Judge blocks regulation seen as harmful to economy,right
Senate candidate vows to restore law and order,right
Study finds small changes in employment rates,center
Critics slam new budget for favoring corporations,left
City council discusses infrastructure funding,center
Activists protest cuts to social programs,left
New study shows climate policy could save lives,left
Workers demand higher wages as inequality grows,left
Analysts weigh in on inflation and growth,center
Analysts weigh in on inflation and growth,center
Critics slam new budget for favoring corporations,left
Tax cuts praised by business leaders,right
Conference brings policymakers and industry together,center
Border security measures gain support,right
New study shows climate policy could save lives,left
Analysts weigh in on inflation and growth,center
Experts debate effects of new trade deal,center
Officials promote business-friendly reforms,right
Study finds small changes in employment rates,center
Voters back rollback of environmental rules,right
Senate candidate vows to restore law and order,right
Voters back rollback of environmental rules,right
Conference brings policymakers and industry together,center
Regulators seek tougher rules on big banks,left
City council discusses infrastructure funding,center
Voters back rollback of environmental rules,right
Officials promote business-friendly reforms,right
Voters back rollback of environmental rules,right
Tax cuts praised by business leaders,right
New study shows climate policy could save lives,left
Experts debate effects of new trade deal,center
City council discusses infrastructure funding,center
Government criticized for overreach in new law,right
Conference brings policymakers and industry together,center
Local officials seek compromise on housing,center
Critics slam new budget for favoring corporations,left
Activists protest cuts to social programs,left
Experts debate effects of new trade deal,center
Judge blocks regulation seen as harmful to economy,right
Tax cuts praised by business leaders,right
Conservative leaders rally against rising crime,right
Experts debate effects of new trade deal,center
Local officials seek compromise on housing,center
Conservative leaders rally against rising crime,right
Healthcare reform rallies thousands in capital,left
Analysts weigh in on inflation and growth,center
Campaign calls for stronger labor protections,left
Critics slam new budget for favoring corporations,left
Voters back rollback of environmental rules,right
Analysts weigh in on inflation and growth,center
Healthcare reform rallies thousands in capital,left
Tax cuts praised by business leaders,right
Officials promote business-friendly reforms,right
Government criticized for overreach in new law,right
Healthcare reform rallies thousands in capital,left
New study shows climate policy could save lives,left
Government criticized for overreach in new law,right
Local officials seek compromise on housing,center
Border security measures gain support,right
Healthcare reform rallies thousands in capital,left
Analysts weigh in on inflation and growth,center
Activists protest cuts to social programs,left
Campaign calls for stronger labor protections,left
Workers demand higher wages as inequality grows,left
Senate candidate vows to restore law and order,right
Activists protest cuts to social programs,left
Border security measures gain support,right
Officials promote business-friendly reforms,right
Workers demand higher wages as inequality grows,left
Bipartisan group proposes changes to education,center
Study finds small changes in employment rates,center
Officials promote business-friendly reforms,right
Conservative leaders rally against rising crime,right
Judge blocks regulation seen as harmful to economy,right
Government criticized for overreach in new law,right
Report outlines mixed economic indicators,center
Regulators seek tougher rules on big banks,left
Judge blocks regulation seen as harmful to economy,right
Border security measures gain support,right
Court ruling defends voting rights activists,left
Bipartisan group proposes changes to education,center
Bipartisan group proposes changes to education,center
Study finds small changes in employment rates,center
Court ruling defends voting rights activists,left
Report outlines mixed economic indicators,center
Tax cuts praised by business leaders,right
Workers demand higher wages as inequality grows,left
City council discusses infrastructure funding,center
Judge blocks regulation seen as harmful to economy,right
New study shows climate policy could save lives,left
Study finds small changes in employment rates,center
Bipartisan group proposes changes to education,center
Critics slam new budget for favoring corporations,left
Healthcare reform rallies thousands in capital,left
Activists protest cuts to social programs,left
Tax cuts praised by business leaders,right
Government criticized for overreach in new law,right
Judge blocks regulation seen as harmful to economy,right
Study finds small changes in employment rates,center
Senate candidate vows to restore law and order,right
Conservative leaders rally against rising crime,right
Court ruling defends voting rights activists,left
Conference brings policymakers and industry together,center
Local officials seek compromise on housing,center
Regulators seek tougher rules on big banks,left
Analysts weigh in on inflation and growth,center
Healthcare reform rallies thousands in capital,left
Critics slam new budget for favoring corporations,left
City council discusses infrastructure funding,center
Conservative leaders rally against rising crime,right
Study finds small changes in employment rates,center
Government criticized for overreach in new law,right
Conservative leaders rally against rising crime,right
Judge blocks regulation seen as harmful to economy,right
Experts debate effects of new trade deal,center
Government criticized for overreach in new law,right
Regulators seek tougher rules on big banks,left
Voters back rollback of environmental rules,right
Government criticized for overreach in new law,right
Critics slam new budget for favoring corporations,left
Analysts weigh in on inflation and growth,center
Government criticized for overreach in new law,right
Court ruling defends voting rights activists,left
Conservative leaders rally against rising crime,right
Voters back rollback of environmental rules,right
Workers demand higher wages as inequality grows,left
Study finds small changes in employment rates,center
New study shows climate policy could save lives,left
Judge blocks regulation seen as harmful to economy,right
Healthcare reform rallies thousands in capital,left
Judge blocks regulation seen as harmful to economy,right
City council discusses infrastructure funding,center
Judge blocks regulation seen as harmful to economy,right
Bipartisan group proposes changes to education,center
Study finds small changes in employment rates,center
Bipartisan group proposes changes to education,center
Voters back rollback of environmental rules,right
Report outlines mixed economic indicators,center
Campaign calls for stronger labor protections,left
Healthcare reform rallies thousands in capital,left
Experts debate effects of new trade deal,center
Experts debate effects of new trade deal,center
City council discusses infrastructure funding,center
Conservative leaders rally against rising crime,right
Report outlines mixed economic indicators,center
Analysts weigh in on inflation and growth,center
Report outlines mixed economic indicators,center
Court ruling defends voting rights activists,left
Court ruling defends voting rights activists,left
Healthcare reform rallies thousands in capital,left
Judge blocks regulation seen as harmful to economy,right
New study shows climate policy could save lives,left
New study shows climate policy could save lives,left
Report outlines mixed economic indicators,center
Voters back rollback of environmental rules,right
New study shows climate policy could save lives,left
Healthcare reform rallies thousands in capital,left
Analysts weigh in on inflation and growth,center
Campaign calls for stronger labor protections,left
Campaign calls for stronger labor protections,left
Critics slam new budget for favoring corporations,left
Analysts weigh in on inflation and growth,center
Workers demand higher wages as inequality grows,left
City council discusses infrastructure funding,center
Conservative leaders rally against rising crime,right
Voters back rollback of environmental rules,right
Judge blocks regulation seen as harmful to economy,right
Tax cuts praised by business leaders,right
Healthcare reform rallies thousands in capital,left
Healthcare reform rallies thousands in capital,left
Court ruling defends voting rights activists,left
Activists protest cuts to social programs,left
Judge blocks regulation seen as harmful to economy,right
Tax cuts praised by business leaders,right
Critics slam new budget for favoring corporations,left
Senate candidate vows to restore law and order,right
Regulators seek tougher rules on big banks,left
Conference brings policymakers and industry together,center
Healthcare reform rallies thousands in capital,left
Officials promote business-friendly reforms,right
Bipartisan group proposes changes to education,center
City council discusses infrastructure funding,center
Regulators seek tougher rules on big banks,left
Experts debate effects of new trade deal,center
Report outlines mixed economic indicators,center
Voters back rollback of environmental rules,right
Border security measures gain support,right
Healthcare reform rallies thousands in capital,left
Officials promote business-friendly reforms,right
Court ruling defends voting rights activists,left
Healthcare reform rallies thousands in capital,left
Study finds small changes in employment rates,center
Healthcare reform rallies thousands in capital,left
Regulators seek tougher rules on big banks,left
Local officials seek compromise on housing,center
Healthcare reform rallies thousands in capital,left
Court ruling defends voting rights activists,left
New study shows climate policy could save lives,left
Senate candidate vows to restore law and order,right
Conference brings policymakers and industry together,center
Government criticized for overreach in new law,right
Critics slam new budget for favoring corporations,left
Judge blocks regulation seen as harmful to economy,right
Study finds small changes in employment rates,center
Tax cuts praised by business leaders,right
Senate candidate vows to restore law and order,right
Conference brings policymakers and industry together,center
City council discusses infrastructure funding,center
City council discusses infrastructure funding,center
Court ruling defends voting rights activists,left
Analysts weigh in on inflation and growth,center
City council discusses infrastructure funding,center
Experts debate effects of new trade deal,center
Court ruling defends voting rights activists,left
Conservative leaders rally against rising crime,right
Voters back rollback of environmental rules,right
Government criticized for overreach in new law,right
Bipartisan group proposes changes to education,center
Local officials seek compromise on housing,center
Report outlines mixed economic indicators,center
New study shows climate policy could save lives,left
Experts debate effects of new trade deal,center
Campaign calls for stronger labor protections,left
Report outlines mixed economic indicators,center
Voters back rollback of environmental rules,right
Activists protest cuts to social programs,left
Bipartisan group proposes changes to education,center
Government criticized for overreach in new law,right
Healthcare reform rallies thousands in capital,left
Experts debate effects of new trade deal,center
Activists protest cuts to social programs,left
Tax cuts praised by business leaders,right
Government criticized for overreach in new law,right
Local officials seek compromise on housing,center
Voters back rollback of environmental rules,right
Regulators seek tougher rules on big banks,left
Experts debate effects of new trade deal,center
Analysts weigh in on inflation and growth,center
Regulators seek tougher rules on big banks,left
Analysts weigh in on inflation and growth,center
Bipartisan group proposes changes to education,center
Judge blocks regulation seen as harmful to economy,right
Judge blocks regulation seen as harmful to economy,right
Senate candidate vows to restore law and order,right
Senate candidate vows to restore law and order,right
Regulators seek tougher rules on big banks,left
Bipartisan group proposes changes to education,center
Local officials seek compromise on housing,center
Campaign calls for stronger labor protections,left
Judge blocks regulation seen as harmful to economy,right
Tax cuts praised by business leaders,right
Regulators seek tougher rules on big banks,left
Healthcare reform rallies thousands in capital,left
Activists protest cuts to social programs,left
Local officials seek compromise on housing,center
Healthcare reform rallies thousands in capital,left
Court ruling defends voting rights activists,left
Healthcare reform rallies thousands in capital,left
Conservative leaders rally against rising crime,right
Tax cuts praised by business leaders,right
Officials promote business-friendly reforms,right
Senate candidate vows to restore law and order,right
Officials promote business-friendly reforms,right
Experts debate effects of new trade deal,center
Regulators seek tougher rules on big banks,left
Experts debate effects of new trade deal,center
Officials promote business-friendly reforms,right
Senate candidate vows to restore law and order,right
Local officials seek compromise on housing,center
Regulators seek tougher rules on big banks,left
Healthcare reform rallies thousands in capital,left
Court ruling defends voting rights activists,left
Study finds small changes in employment rates,center
Regulators seek tougher rules on big banks,left
Regulators seek tougher rules on big banks,left
Study finds small changes in employment rates,center
New study shows climate policy could save lives,left
Conservative leaders rally against rising crime,right
Judge blocks regulation seen as harmful to economy,right
Judge blocks regulation seen as harmful to economy,right
Study finds small changes in employment rates,center
Campaign calls for stronger labor protections,left
Activists protest cuts to social programs,left
Border security measures gain support,right
Court ruling defends voting rights activists,left
Voters back rollback of environmental rules,right
Critics slam new budget for favoring corporations,left
City council discusses infrastructure funding,center
Border security measures gain support,right
Campaign calls for stronger labor protections,left
Tax cuts praised by business leaders,right
Analysts weigh in on inflation and growth,center
Study finds small changes in employment rates,center
Report outlines mixed economic indicators,center
Analysts weigh in on inflation and growth,center
Experts debate effects of new trade deal,center
Tax cuts praised by business leaders,right
Border security measures gain support,right
Analysts weigh in on inflation and growth,center
Court ruling defends voting rights activists,left
Voters back rollback of environmental rules,right
Regulators seek tougher rules on big banks,left
Critics slam new budget for favoring corporations,left
Workers demand higher wages as inequality grows,left
Campaign calls for stronger labor protections,left
Regulators seek tougher rules on big banks,left
Tax cuts praised by business leaders,right
Officials promote business-friendly reforms,right
Officials promote business-friendly reforms,right
Campaign calls for stronger labor protections,left
Conservative leaders rally against rising crime,right
Local officials seek compromise on housing,center
Activists protest cuts to social programs,left
Government criticized for overreach in new law,right
Conservative leaders rally against rising crime,right
Study finds small changes in employment rates,center
Experts debate effects of new trade deal,center
Senate candidate vows to restore law and order,right
Report outlines mixed economic indicators,center
Government criticized for overreach in new law,right
Conservative leaders rally against rising crime,right
Local officials seek compromise on housing,center
Tax cuts praised by business leaders,right
City council discusses infrastructure funding,center
Regulators seek tougher rules on big banks,left
Border security measures gain support,right
New study shows climate policy could save lives,left
Campaign calls for stronger labor protections,left
Judge blocks regulation seen as harmful to economy,right
Border security measures gain support,right
Report outlines mixed economic indicators,center
Government criticized for overreach in new law,right
Tax cuts praised by business leaders,right
Bipartisan group proposes changes to education,center
Workers demand higher wages as inequality grows,left
City council discusses infrastructure funding,center
City council discusses infrastructure funding,center
New study shows climate policy could save lives,left
Senate candidate vows to restore law and order,right
Bipartisan group proposes changes to education,center
Court ruling defends voting rights activists,left
Government criticized for overreach in new law,right
Court ruling defends voting rights activists,left
New study shows climate policy could save lives,left
Voters back rollback of environmental rules,right
Bipartisan group proposes changes to education,center
Judge blocks regulation seen as harmful to economy,right
Activists protest cuts to social programs,left
Local officials seek compromise on housing,center
City council discusses infrastructure funding,center
Tax cuts praised by business leaders,right
Activists protest cuts to social programs,left
Regulators seek tougher rules on big banks,left
Conference brings policymakers and industry together,center
Workers demand higher wages as inequality grows,left
Government criticized for overreach in new law,right
Conference brings policymakers and industry together,center
Conservative leaders rally against rising crime,right
Bipartisan group proposes changes to education,center
Bipartisan group proposes changes to education,center
Senate candidate vows to restore law and order,right
Workers demand higher wages as inequality grows,left
Judge blocks regulation seen as harmful to economy,right
Healthcare reform rallies thousands in capital,left
Healthcare reform rallies thousands in capital,left
Government criticized for overreach in new law,right
City council discusses infrastructure funding,center
Judge blocks regulation seen as harmful to economy,right
Analysts weigh in on inflation and growth,center
Judge blocks regulation seen as harmful to economy,right
Study finds small changes in employment rates,center
Study finds small changes in employment rates,center
Judge blocks regulation seen as harmful to economy,right
Analysts weigh in on inflation and growth,center
Border security measures gain support,right
Activists protest cuts to social programs,left
Critics slam new budget for favoring corporations,left
Campaign calls for stronger labor protections,left
Workers demand higher wages as inequality grows,left
Campaign calls for stronger labor protections,left
Study finds small changes in employment rates,center
Analysts weigh in on inflation and growth,center
Report outlines mixed economic indicators,center
Voters back rollback of environmental rules,right
Government criticized for overreach in new law,right
Healthcare reform rallies thousands in capital,left
Officials promote business-friendly reforms,right
Senate candidate vows to restore law and order,right
Healthcare reform rallies thousands in capital,left
Local officials seek compromise on housing,center
Analysts weigh in on inflation and growth,center
Tax cuts praised by business leaders,right
Bipartisan group proposes changes to education,center
Analysts weigh in on inflation and growth,center
Conference brings policymakers and industry together,center
Border security measures gain support,right
Border security measures gain support,right
City council discusses infrastructure funding,center
Study finds small changes in employment rates,center
Local officials seek compromise on housing,center
City council discusses infrastructure funding,center
City council discusses infrastructure funding,center
City council discusses infrastructure funding,center
Critics slam new budget for favoring corporations,left
Voters back rollback of environmental rules,right
Regulators seek tougher rules on big banks,left
Tax cuts praised by business leaders,right
Local officials seek compromise on housing,center
Conservative leaders rally against rising crime,right
Analysts weigh in on inflation and growth,center
Analysts weigh in on inflation and growth,center
Tax cuts praised by business leaders,right
Voters back rollback of environmental rules,right
Court ruling defends voting rights activists,left
New study shows climate policy could save lives,left
Activists protest cuts to social programs,left
Government criticized for overreach in new law,right
Tax cuts praised by business leaders,right
Campaign calls for stronger labor protections,left
Border security measures gain support,right
Conference brings policymakers and industry together,center
Border security measures gain support,right
New study shows climate policy could save lives,left
Conservative leaders rally against rising crime,right
Campaign calls for stronger labor protections,left
Court ruling defends voting rights activists,left
Conference brings policymakers and industry together,center
Analysts weigh in on inflation and growth,center
Regulators seek tougher rules on big banks,left
New study shows climate policy could save lives,left
Border security measures gain support,right
Critics slam new budget for favoring corporations,left
Judge blocks regulation seen as harmful to economy,right
Analysts weigh in on inflation and growth,center
Experts debate effects of new trade deal,center
Study finds small changes in employment rates,center
Government criticized for overreach in new law,right
Critics slam new budget for favoring corporations,left
Bipartisan group proposes changes to education,center
Critics slam new budget for favoring corporations,left
Study finds small changes in employment rates,center
Analysts weigh in on inflation and growth,center
Regulators seek tougher rules on big banks,left
Conference brings policymakers and industry together,center
Bipartisan group proposes changes to education,center
Report outlines mixed economic indicators,center
Conservative leaders rally against rising crime,right
Tax cuts praised by business leaders,right
Border security measures gain support,right
Regulators seek tougher rules on big banks,left
Conservative leaders rally against rising crime,right
Critics slam new budget for favoring corporations,left
Government criticized for overreach in new law,right
Conservative leaders rally against rising crime,right
Conservative leaders rally against rising crime,right
Activists protest cuts to social programs,left
Conservative leaders rally against rising crime,right
Experts debate effects of new trade deal,center
Court ruling defends voting rights activists,left
Officials promote business-friendly reforms,right
Study finds small changes in employment rates,center
Bipartisan group proposes changes to education,center
Study finds small changes in employment rates,center
Conference brings policymakers and industry together,center
City council discusses infrastructure funding,center
Court ruling defends voting rights activists,left
Conference brings policymakers and industry together,center
Healthcare reform rallies thousands in capital,left
Workers demand higher wages as inequality grows,left
City council discusses infrastructure funding,center
Analysts weigh in on inflation and growth,center
Campaign calls for stronger labor protections,left
Court ruling defends voting rights activists,left
New study shows climate policy could save lives,left
Conference brings policymakers and industry together,center
Regulators seek tougher rules on big banks,left
Conference brings policymakers and industry together,center
Activists protest cuts to social programs,left
Healthcare reform rallies thousands in capital,left
Campaign calls for stronger labor protections,left
Study finds small changes in employment rates,center
Healthcare reform rallies thousands in capital,left
Local officials seek compromise on housing,center
Court ruling defends voting rights activists,left
Bipartisan group proposes changes to education,center
Critics slam new budget for favoring corporations,left
Officials promote business-friendly reforms,right
Regulators seek tougher rules on big banks,left
New study shows climate policy could save lives,left
Analysts weigh in on inflation and growth,center
New study shows climate policy could save lives,left
City council discusses infrastructure funding,center
Workers demand higher wages as inequality grows,left
Border security measures gain support,right
Report outlines mixed economic indicators,center
Tax cuts praised by business leaders,right
Border security measures gain support,right
Local officials seek compromise on housing,center
Conservative leaders rally against rising crime,right
Analysts weigh in on inflation and growth,center
Court ruling defends voting rights activists,left
Campaign calls for stronger labor protections,left
Court ruling defends voting rights activists,left
Senate candidate vows to restore law and order,right
Court ruling defends voting rights activists,left
Study finds small changes in employment rates,center
Study finds small changes in employment rates,center
Experts debate effects of new trade deal,center
Government criticized for overreach in new law,right
Voters back rollback of environmental rules,right
Local officials seek compromise on housing,center
Critics slam new budget for favoring corporations,left
Regulators seek tougher rules on big banks,left
Activists protest cuts to social programs,left
